{"title":"Agustina Zuckerberg","markdown":{"yaml":{"title":"Agustina Zuckerberg","bibliography":"reference.bib"},"headingText":"About me","containsRefs":true,"markdown":"\n\nI am a master's student in the Data Science and Analytics program at the Georgetown University Graduate School of Arts and Sciences. \n\nIn terms of my previous academic experience, as a recent graduate with a Bachelor's degree in Data Analytics, I have a strong foundation with data-driven projects involving interdisciplinary datasets, data cleaning and analysis, and final presentations. As an experienced data analyst, my strengths lie in data visualization and storytelling, allowing me to effectively communicate complex findings to both technical and non-technical stakeholders. \n\nEducation is one of my true passions. In my role as a Teaching Assistant, I had the privilege of supporting Industrial Engineering students and Data Analytics students during their final semester. My main responsibilities included delivering course content in class, tutoring the final projects, and collaboratively evaluating their final presentations and assignments. I like hanging out with friends, working out and music festivals.\n\nAdditional passions include traveling, hanging out with friends, going to music festivals and enjoying life.\n\n> \"Be the change you wish to see in the world\" - Mahatma Gandhi [^1]\n\n:::: {.columns}\n\n::: {.column width=\"35%\"}\n#### [My holidays in Singapore:]{style=\"text-decoration: underline;\"}\n\n![The Marina Bay Sands Hotel - Exterior](./images/singapore_1.png){fig-align=\"left\" width=50%}\n\n![The Marina Bay Sands Hotel - Rooftop](./images/singapore_2.png){fig-align=\"left\" width=50%}\n\n:::\n\n::: {.column width=\"60%\"}\n#### [My favourite song:]{style=\"text-decoration: underline;\"}\n\n{{< video https://www.youtube.com/watch?v=x3idGV-7kSQ >}}\n\n:::\n\n::::\n\n:::: {.columns}\n\n::: {.column width=\"50%\"}\n## Experience\n**Siemens Argentina** | 2023 - 2025\n\n**Instituto Tecnologico de Buenos Aires** | 2018 - 2022\n\n\n| Skills | Proficiency  |\n|:-------|:-------------|\n| R      | Advanced     |\n| Python | Advanced     |\n| SQL    | Intermediate |\n\n:::\n\n::: {.column width=\"50%\"}\n## Education\n**Georgetown University** | 2023 - 2025\n\n**Instituto Tecnologico de Buenos Aires** | 2018 - 2022\n:::\n\n::::\n\n## Contact\n- **Mail:** maz53@georgetown.edu\n\n- **Phone number:** (202) 802 5686\n\n# Assignment\n\n## Math Examples:\nThis is my inline-math LaTex equation: $x=\\frac{-b \\pm\\sqrt{b^2 - 4ac}}{2a}$\n\nThis is a special method of integration (integration by parts): \n$$\\int u d v=u v-\\int v d u$$\n\n## Diagram\n\n```{mermaid}\n%%| code-fold: false\nflowchart LR\nA[Mental Mood Music Algorithm]\n    A --> AA{Chill}\n        AA --> AAA[Study]\n        AA --> AAB[Relax]\n\n    A --> AB{Electronic}\n        AB --> ABA[Study]\n        AB --> ABB[Workout]\n\n    A --> AC{Reggaeton}\n        AC --> ACA[Party]\n        AC --> ACB[Workout]\n```\n\n## Citation\nipsum lorem [see @dalgaard2008introductory, pp. 27-30]\n\nipsum lorem [see @murphy2012machine, pp. 70-90]\n\n## References\n\n::: {#refs}\n:::\n\n\n\n[^1]:https://en.wikipedia.org/wiki/Mahatma_Gandhi\n\n","srcMarkdownNoYaml":"\n# About me\n\nI am a master's student in the Data Science and Analytics program at the Georgetown University Graduate School of Arts and Sciences. \n\nIn terms of my previous academic experience, as a recent graduate with a Bachelor's degree in Data Analytics, I have a strong foundation with data-driven projects involving interdisciplinary datasets, data cleaning and analysis, and final presentations. As an experienced data analyst, my strengths lie in data visualization and storytelling, allowing me to effectively communicate complex findings to both technical and non-technical stakeholders. \n\nEducation is one of my true passions. In my role as a Teaching Assistant, I had the privilege of supporting Industrial Engineering students and Data Analytics students during their final semester. My main responsibilities included delivering course content in class, tutoring the final projects, and collaboratively evaluating their final presentations and assignments. I like hanging out with friends, working out and music festivals.\n\nAdditional passions include traveling, hanging out with friends, going to music festivals and enjoying life.\n\n> \"Be the change you wish to see in the world\" - Mahatma Gandhi [^1]\n\n:::: {.columns}\n\n::: {.column width=\"35%\"}\n#### [My holidays in Singapore:]{style=\"text-decoration: underline;\"}\n\n![The Marina Bay Sands Hotel - Exterior](./images/singapore_1.png){fig-align=\"left\" width=50%}\n\n![The Marina Bay Sands Hotel - Rooftop](./images/singapore_2.png){fig-align=\"left\" width=50%}\n\n:::\n\n::: {.column width=\"60%\"}\n#### [My favourite song:]{style=\"text-decoration: underline;\"}\n\n{{< video https://www.youtube.com/watch?v=x3idGV-7kSQ >}}\n\n:::\n\n::::\n\n:::: {.columns}\n\n::: {.column width=\"50%\"}\n## Experience\n**Siemens Argentina** | 2023 - 2025\n\n**Instituto Tecnologico de Buenos Aires** | 2018 - 2022\n\n\n| Skills | Proficiency  |\n|:-------|:-------------|\n| R      | Advanced     |\n| Python | Advanced     |\n| SQL    | Intermediate |\n\n:::\n\n::: {.column width=\"50%\"}\n## Education\n**Georgetown University** | 2023 - 2025\n\n**Instituto Tecnologico de Buenos Aires** | 2018 - 2022\n:::\n\n::::\n\n## Contact\n- **Mail:** maz53@georgetown.edu\n\n- **Phone number:** (202) 802 5686\n\n# Assignment\n\n## Math Examples:\nThis is my inline-math LaTex equation: $x=\\frac{-b \\pm\\sqrt{b^2 - 4ac}}{2a}$\n\nThis is a special method of integration (integration by parts): \n$$\\int u d v=u v-\\int v d u$$\n\n## Diagram\n\n```{mermaid}\n%%| code-fold: false\nflowchart LR\nA[Mental Mood Music Algorithm]\n    A --> AA{Chill}\n        AA --> AAA[Study]\n        AA --> AAB[Relax]\n\n    A --> AB{Electronic}\n        AB --> ABA[Study]\n        AB --> ABB[Workout]\n\n    A --> AC{Reggaeton}\n        AC --> ACA[Party]\n        AC --> ACB[Workout]\n```\n\n## Citation\nipsum lorem [see @dalgaard2008introductory, pp. 27-30]\n\nipsum lorem [see @murphy2012machine, pp. 70-90]\n\n## References\n\n::: {#refs}\n:::\n\n\n\n[^1]:https://en.wikipedia.org/wiki/Mahatma_Gandhi\n\n"},"formats":{"html":{"identifier":{"display-name":"HTML","target-format":"html","base-format":"html"},"execute":{"fig-width":7,"fig-height":5,"fig-format":"retina","fig-dpi":96,"df-print":"default","error":false,"eval":true,"cache":null,"freeze":false,"echo":true,"output":true,"warning":true,"include":true,"keep-md":false,"keep-ipynb":false,"ipynb":null,"enabled":null,"daemon":null,"daemon-restart":false,"debug":false,"ipynb-filters":[],"engine":"markdown"},"render":{"keep-tex":false,"keep-source":false,"keep-hidden":false,"prefer-html":false,"output-divs":true,"output-ext":"html","fig-align":"default","fig-pos":null,"fig-env":null,"code-fold":"none","code-overflow":"scroll","code-link":false,"code-line-numbers":false,"code-tools":false,"tbl-colwidths":"auto","merge-includes":true,"inline-includes":false,"preserve-yaml":false,"latex-auto-mk":true,"latex-auto-install":true,"latex-clean":true,"latex-max-runs":10,"latex-makeindex":"makeindex","latex-makeindex-opts":[],"latex-tlmgr-opts":[],"latex-input-paths":[],"latex-output-dir":null,"link-external-icon":false,"link-external-newwindow":false,"self-contained-math":false,"format-resources":[],"notebook-links":true,"format-links":true},"pandoc":{"standalone":true,"wrap":"none","default-image-extension":"png","to":"html","toc":true,"output-file":"index.html"},"language":{"toc-title-document":"Table of contents","toc-title-website":"On this page","related-formats-title":"Other Formats","related-notebooks-title":"Notebooks","source-notebooks-prefix":"Source","section-title-abstract":"Abstract","section-title-appendices":"Appendices","section-title-footnotes":"Footnotes","section-title-references":"References","section-title-reuse":"Reuse","section-title-copyright":"Copyright","section-title-citation":"Citation","appendix-attribution-cite-as":"For attribution, please cite this work as:","appendix-attribution-bibtex":"BibTeX citation:","title-block-author-single":"Author","title-block-author-plural":"Authors","title-block-affiliation-single":"Affiliation","title-block-affiliation-plural":"Affiliations","title-block-published":"Published","title-block-modified":"Modified","callout-tip-title":"Tip","callout-note-title":"Note","callout-warning-title":"Warning","callout-important-title":"Important","callout-caution-title":"Caution","code-summary":"Code","code-tools-menu-caption":"Code","code-tools-show-all-code":"Show All Code","code-tools-hide-all-code":"Hide All Code","code-tools-view-source":"View Source","code-tools-source-code":"Source Code","code-line":"Line","code-lines":"Lines","copy-button-tooltip":"Copy to Clipboard","copy-button-tooltip-success":"Copied!","repo-action-links-edit":"Edit this page","repo-action-links-source":"View source","repo-action-links-issue":"Report an issue","back-to-top":"Back to top","search-no-results-text":"No results","search-matching-documents-text":"matching documents","search-copy-link-title":"Copy link to search","search-hide-matches-text":"Hide additional matches","search-more-match-text":"more match in this document","search-more-matches-text":"more matches in this document","search-clear-button-title":"Clear","search-detached-cancel-button-title":"Cancel","search-submit-button-title":"Submit","search-label":"Search","toggle-section":"Toggle section","toggle-sidebar":"Toggle sidebar navigation","toggle-dark-mode":"Toggle dark mode","toggle-reader-mode":"Toggle reader mode","toggle-navigation":"Toggle navigation","crossref-fig-title":"Figure","crossref-tbl-title":"Table","crossref-lst-title":"Listing","crossref-thm-title":"Theorem","crossref-lem-title":"Lemma","crossref-cor-title":"Corollary","crossref-prp-title":"Proposition","crossref-cnj-title":"Conjecture","crossref-def-title":"Definition","crossref-exm-title":"Example","crossref-exr-title":"Exercise","crossref-ch-prefix":"Chapter","crossref-apx-prefix":"Appendix","crossref-sec-prefix":"Section","crossref-eq-prefix":"Equation","crossref-lof-title":"List of Figures","crossref-lot-title":"List of Tables","crossref-lol-title":"List of Listings","environment-proof-title":"Proof","environment-remark-title":"Remark","environment-solution-title":"Solution","listing-page-order-by":"Order By","listing-page-order-by-default":"Default","listing-page-order-by-date-asc":"Oldest","listing-page-order-by-date-desc":"Newest","listing-page-order-by-number-desc":"High to Low","listing-page-order-by-number-asc":"Low to High","listing-page-field-date":"Date","listing-page-field-title":"Title","listing-page-field-description":"Description","listing-page-field-author":"Author","listing-page-field-filename":"File Name","listing-page-field-filemodified":"Modified","listing-page-field-subtitle":"Subtitle","listing-page-field-readingtime":"Reading Time","listing-page-field-categories":"Categories","listing-page-minutes-compact":"{0} min","listing-page-category-all":"All","listing-page-no-matches":"No matching items"},"metadata":{"lang":"en","fig-responsive":true,"quarto-version":"1.3.450","theme":"cosmo","title":"Agustina Zuckerberg","bibliography":["reference.bib"]},"extensions":{"book":{"multiFile":true}}}},"projectFormats":["html"]}